{
  "app": {
    "navigationBarTitleText": "新页面",
    "navigationStyle": "default",
    "navigationBarTextStyle": "white",
    "navigationBarBackgroundColor": "#000",
    "backgroundColor": "#fff",
    "backgroundTextStyle": "light",
    "backgroundColorTop": "#fff",
    "backgroundColorBottom": "#fff",
    "reachBottomDistance": 50,
    "pageOrientation": "portrait",
    "assets": "",
    "basename": "",
    "publicPath": ""
  },
  "pages": {
    "device": {
      "extra": {
        "navigationBarTitleText": "device"
      }
    },
    "file": {
      "extra": {
        "navigationBarTitleText": "file"
      }
    },
    "main": {
      "reachBottomDistance": 50,
      "extra": {
        "navigationBarTitleText": "首页",
        "navigationStyle": "default",
        "backgroundColor": "#fff",
        "backgroundTextStyle": "dark",
        "backgroundColorTop": "#fff",
        "backgroundColorBottom": "#fff"
      }
    },
    "media": {
      "extra": {
        "navigationBarTitleText": "media"
      }
    },
    "network": {
      "extra": {
        "navigationBarTitleText": "network"
      }
    }
  },
  "appExtraConfig": {},
  "__homePath__": "main"
}