{
  "projectConfigJson": {
    "appid": "wxfad8ca0eadc49af8",
    "mp_baidu": {
      "appid": "17767960"
    }
  },
  "appJson": {
    "darkmode": true,
    "tabBar": {
      "color": "#888888",
      "selectedColor": "#108EE9",
      "backgroundColor": "#ffffff",
      "borderStyle": "white",
      "list": [
        {
          "pagePath": "pages/index/index",
          "text": "v3样例",
          "iconPath": "https://weapps-prod-1301730524.cos.ap-guangzhou.myqcloud.com/res/3J2Vo5JYP/icon_nav_home_line1597216945.png",
          "selectedIconPath": "https://weapps-prod-1301730524.cos.ap-guangzhou.myqcloud.com/res/3J2Vo5JYP/icon_nav_home_fill1597216924.png"
        },
        {
          "pagePath": "pages/api/index",
          "text": "Api样例",
          "iconPath": "https://weapps-prod-1301730524.cos.ap-guangzhou.myqcloud.com/res/3J2Vo5JYP/icon_nav_mine_line1597216978.png",
          "selectedIconPath": "https://weapps-prod-1301730524.cos.ap-guangzhou.myqcloud.com/res/3J2Vo5JYP/icon_nav_mine_fill1597216962.png"
        }
      ]
    }
  },
  "pagesConfigJson": {
    "index": {
      "enablePullDownRefresh": true
    }
  },
  "app": {
    "assets": "",
    "basename": "",
    "publicPath": "",
    "backgroundColor": "#fff",
    "navigationStyle": "default",
    "pageOrientation": "portrait",
    "backgroundColorTop": "#fff",
    "backgroundTextStyle": "dark",
    "reachBottomDistance": 50,
    "backgroundColorBottom": "#fff",
    "navigationBarTextStyle": "white",
    "navigationBarTitleText": "新页面",
    "navigationBarBackgroundColor": "#000"
  },
  "pages": {
    "Alert": {
      "reachBottomDistance": 50,
      "extra": {
        "backgroundColor": "#fff",
        "navigationStyle": "default",
        "pageOrientation": "portrait",
        "backgroundColorTop": "#fff",
        "backgroundTextStyle": "dark",
        "backgroundColorBottom": "#fff",
        "navigationBarTextStyle": "white",
        "navigationBarTitleText": "提示",
        "navigationBarBackgroundColor": "#000"
      }
    },
    "api": {
      "extra": {
        "navigationBarTitleText": "api样例"
      }
    },
    "Badge": {
      "reachBottomDistance": 50,
      "extra": {
        "backgroundColor": "#fff",
        "navigationStyle": "default",
        "pageOrientation": "portrait",
        "backgroundColorTop": "#fff",
        "backgroundTextStyle": "dark",
        "backgroundColorBottom": "#fff",
        "navigationBarTextStyle": "white",
        "navigationBarTitleText": "徽章",
        "navigationBarBackgroundColor": "#000"
      }
    },
    "Button": {
      "reachBottomDistance": 50,
      "extra": {
        "backgroundColor": "#fff",
        "navigationStyle": "default",
        "pageOrientation": "portrait",
        "backgroundColorTop": "#fff",
        "backgroundTextStyle": "dark",
        "backgroundColorBottom": "#fff",
        "navigationBarTextStyle": "white",
        "navigationBarTitleText": "按钮",
        "navigationBarBackgroundColor": "#000"
      }
    },
    "componentList": {
      "reachBottomDistance": 50,
      "extra": {
        "backgroundColor": "#d12e2e",
        "navigationStyle": "default",
        "pageOrientation": "portrait",
        "backgroundColorTop": "#fff",
        "backgroundTextStyle": "dark",
        "backgroundColorBottom": "#fff",
        "navigationBarTextStyle": "white",
        "navigationBarTitleText": "表单",
        "navigationBarBackgroundColor": "#000"
      }
    },
    "CricleProgress": {
      "reachBottomDistance": 50,
      "extra": {
        "backgroundColor": "#fff",
        "navigationStyle": "default",
        "pageOrientation": "portrait",
        "backgroundColorTop": "#fff",
        "backgroundTextStyle": "dark",
        "backgroundColorBottom": "#fff",
        "navigationBarTextStyle": "white",
        "navigationBarTitleText": "圆形进度条",
        "navigationBarBackgroundColor": "#000"
      }
    },
    "Icon": {
      "reachBottomDistance": 50,
      "extra": {
        "backgroundColor": "#fff",
        "navigationStyle": "default",
        "pageOrientation": "portrait",
        "backgroundColorTop": "#fff",
        "backgroundTextStyle": "dark",
        "backgroundColorBottom": "#fff",
        "navigationBarTextStyle": "white",
        "navigationBarTitleText": "图标",
        "navigationBarBackgroundColor": "#000"
      }
    },
    "index": {
      "reachBottomDistance": 50,
      "extra": {
        "backgroundColor": "#fff",
        "navigationStyle": "default",
        "pageOrientation": "portrait",
        "backgroundColorTop": "#fff",
        "backgroundTextStyle": "dark",
        "backgroundColorBottom": "#fff",
        "navigationBarTextStyle": "white",
        "navigationBarTitleText": "首页",
        "navigationBarBackgroundColor": "#000"
      }
    },
    "main": {
      "reachBottomDistance": 50,
      "extra": {
        "navigationBarTitleText": "首页",
        "navigationStyle": "default",
        "navigationBarTextStyle": "white",
        "navigationBarBackgroundColor": "#000",
        "backgroundColor": "#fff",
        "backgroundTextStyle": "dark",
        "backgroundColorTop": "#fff",
        "backgroundColorBottom": "#fff",
        "pageOrientation": "portrait"
      }
    },
    "Poplayer": {
      "reachBottomDistance": 50,
      "extra": {
        "backgroundColor": "#fff",
        "navigationStyle": "default",
        "pageOrientation": "portrait",
        "backgroundColorTop": "#fff",
        "backgroundTextStyle": "dark",
        "backgroundColorBottom": "#fff",
        "navigationBarTextStyle": "white",
        "navigationBarTitleText": "浮动层",
        "navigationBarBackgroundColor": "#000"
      }
    }
  },
  "appExtraConfig": {},
  "__homePath__": "index"
}