{
  "appJson": {
    "navigateToMiniProgramAppIdList": [
      "wx318893774c9bfdd2",
      "wx308bd2aeb83d3345"
    ],
    "permission": {
      "scope.userLocation": {
        "desc": "您的位置信息将用于小程序位置接口的效果展示"
      }
    }
  },
  "projectConfigJson": {
    "appid": "wxf9054aa6f3068388"
  },
  "pagesConfigJson": {
    "myApplicationTab_1": {
      "enablePullDownRefresh": true
    }
  },
  "app": {
    "navigationBarTitleText": "政府救助平台",
    "navigationStyle": "default",
    "navigationBarTextStyle": "black",
    "navigationBarBackgroundColor": "#fff",
    "backgroundColor": "#fff",
    "backgroundTextStyle": "dark",
    "backgroundColorTop": "#fff",
    "backgroundColorBottom": "#fff",
    "reachBottomDistance": 50,
    "pageOrientation": "portrait",
    "assets": "",
    "basename": "",
    "publicPath": ""
  },
  "pages": {
    "insuredPackage_personType": {
      "reachBottomDistance": 50,
      "extra": {
        "backgroundColor": "#F7F8FA",
        "navigationStyle": "default",
        "pageOrientation": "portrait",
        "backgroundColorTop": "#F7F8FA",
        "backgroundTextStyle": "dark",
        "backgroundColorBottom": "#F7F8FA",
        "navigationBarTextStyle": "black",
        "navigationBarTitleText": "人员类型",
        "navigationBarBackgroundColor": "#fff"
      }
    },
    "insuredPackage_reportDetail": {
      "reachBottomDistance": 50,
      "extra": {
        "backgroundColor": "#fff",
        "navigationStyle": "default",
        "pageOrientation": "portrait",
        "backgroundColorTop": "#fff",
        "backgroundTextStyle": "dark",
        "backgroundColorBottom": "#fff",
        "navigationBarTextStyle": "black",
        "navigationBarTitleText": "申请进度",
        "navigationBarBackgroundColor": "#fff"
      }
    },
    "insuredPackage_reporter": {
      "reachBottomDistance": 50,
      "extra": {
        "backgroundColor": "#fff",
        "navigationStyle": "default",
        "pageOrientation": "portrait",
        "backgroundColorTop": "#fff",
        "backgroundTextStyle": "dark",
        "backgroundColorBottom": "#fff",
        "navigationBarTextStyle": "black",
        "navigationBarTitleText": "参保登记",
        "navigationBarBackgroundColor": "#fff"
      }
    },
    "insuredPackage_situation": {
      "reachBottomDistance": 50,
      "extra": {
        "backgroundColor": "#fff",
        "navigationStyle": "default",
        "pageOrientation": "portrait",
        "backgroundColorTop": "#fff",
        "backgroundTextStyle": "dark",
        "backgroundColorBottom": "#fff",
        "navigationBarTextStyle": "black",
        "navigationBarTitleText": "参保登记",
        "navigationBarBackgroundColor": "#fff"
      }
    },
    "subpackage1_dropStudyReport": {
      "reachBottomDistance": 50,
      "extra": {
        "backgroundColor": "#fff",
        "navigationStyle": "default",
        "pageOrientation": "portrait",
        "backgroundColorTop": "#fff",
        "backgroundTextStyle": "dark",
        "backgroundColorBottom": "#fff",
        "navigationBarTextStyle": "black",
        "navigationBarTitleText": "控辍保学",
        "navigationBarBackgroundColor": "#fff"
      }
    },
    "subpackage1_dropStudyReportDetail": {
      "reachBottomDistance": 50,
      "extra": {
        "backgroundColor": "#fff",
        "navigationStyle": "default",
        "pageOrientation": "portrait",
        "backgroundColorTop": "#fff",
        "backgroundTextStyle": "dark",
        "backgroundColorBottom": "#fff",
        "navigationBarTextStyle": "black",
        "navigationBarTitleText": "反映详情",
        "navigationBarBackgroundColor": "#fff"
      }
    },
    "subpackage1_dropStudyReportSelectSchool": {
      "reachBottomDistance": 50,
      "extra": {
        "backgroundColor": "#fff",
        "navigationStyle": "default",
        "pageOrientation": "portrait",
        "backgroundColorTop": "#fff",
        "backgroundTextStyle": "dark",
        "backgroundColorBottom": "#fff",
        "navigationBarTextStyle": "black",
        "navigationBarTitleText": "选择乡镇中心学校",
        "navigationBarBackgroundColor": "#fff"
      }
    },
    "subpackage1_findTrainDetail": {
      "reachBottomDistance": 50,
      "extra": {
        "backgroundColor": "#fff",
        "navigationStyle": "default",
        "pageOrientation": "portrait",
        "backgroundColorTop": "#fff",
        "backgroundTextStyle": "dark",
        "backgroundColorBottom": "#fff",
        "navigationBarTextStyle": "black",
        "navigationBarTitleText": "找培训",
        "navigationBarBackgroundColor": "#fff"
      }
    },
    "subpackage1_findTrainFirstFilter": {
      "reachBottomDistance": 50,
      "extra": {
        "backgroundColor": "#fff",
        "navigationStyle": "default",
        "pageOrientation": "portrait",
        "backgroundColorTop": "#fff",
        "backgroundTextStyle": "dark",
        "backgroundColorBottom": "#fff",
        "navigationBarTextStyle": "black",
        "navigationBarTitleText": "找培训",
        "navigationBarBackgroundColor": "#fff"
      }
    },
    "subpackage1_findTrainIfGotJob": {
      "reachBottomDistance": 50,
      "extra": {
        "backgroundColor": "#fff",
        "navigationStyle": "default",
        "pageOrientation": "portrait",
        "backgroundColorTop": "#fff",
        "backgroundTextStyle": "dark",
        "backgroundColorBottom": "#fff",
        "navigationBarTextStyle": "black",
        "navigationBarTitleText": "是否已就业",
        "navigationBarBackgroundColor": "#fff"
      }
    },
    "subpackage1_findTrainIfGotJobSubmitSuccess": {
      "reachBottomDistance": 50,
      "extra": {
        "backgroundColor": "#fff",
        "navigationStyle": "default",
        "pageOrientation": "portrait",
        "backgroundColorTop": "#fff",
        "backgroundTextStyle": "dark",
        "backgroundColorBottom": "#fff",
        "navigationBarTextStyle": "black",
        "navigationBarTitleText": "提交结果",
        "navigationBarBackgroundColor": "#fff"
      }
    },
    "subpackage1_findTrainList": {
      "reachBottomDistance": 50,
      "extra": {
        "backgroundColor": "#fff",
        "navigationStyle": "default",
        "pageOrientation": "portrait",
        "backgroundColorTop": "#fff",
        "backgroundTextStyle": "dark",
        "backgroundColorBottom": "#fff",
        "navigationBarTextStyle": "black",
        "navigationBarTitleText": "找培训",
        "navigationBarBackgroundColor": "#fff"
      }
    },
    "subpackage1_findTrainNodeDetailCounty": {
      "reachBottomDistance": 50,
      "extra": {
        "backgroundColor": "#fff",
        "navigationStyle": "default",
        "pageOrientation": "portrait",
        "backgroundColorTop": "#fff",
        "backgroundTextStyle": "dark",
        "backgroundColorBottom": "#fff",
        "navigationBarTextStyle": "black",
        "navigationBarTitleText": "反馈详情",
        "navigationBarBackgroundColor": "#fff"
      }
    },
    "subpackage1_findTrainSignUp": {
      "reachBottomDistance": 50,
      "extra": {
        "backgroundColor": "#fff",
        "navigationStyle": "default",
        "pageOrientation": "portrait",
        "backgroundColorTop": "#fff",
        "backgroundTextStyle": "dark",
        "backgroundColorBottom": "#fff",
        "navigationBarTextStyle": "black",
        "navigationBarTitleText": "找培训",
        "navigationBarBackgroundColor": "#fff"
      }
    },
    "subpackage1_findTrainTicketDetail": {
      "reachBottomDistance": 50,
      "extra": {
        "backgroundColor": "#fff",
        "navigationStyle": "default",
        "pageOrientation": "portrait",
        "backgroundColorTop": "#fff",
        "backgroundTextStyle": "dark",
        "backgroundColorBottom": "#fff",
        "navigationBarTextStyle": "black",
        "navigationBarTitleText": "申请详情",
        "navigationBarBackgroundColor": "#fff"
      }
    },
    "subpackage1_findTrainWish": {
      "reachBottomDistance": 50,
      "extra": {
        "backgroundColor": "#fff",
        "navigationStyle": "default",
        "pageOrientation": "portrait",
        "backgroundColorTop": "#fff",
        "backgroundTextStyle": "dark",
        "backgroundColorBottom": "#fff",
        "navigationBarTextStyle": "black",
        "navigationBarTitleText": "找培训",
        "navigationBarBackgroundColor": "#fff"
      }
    },
    "subpackage1_medicalBigIllHelp1": {
      "reachBottomDistance": 50,
      "extra": {
        "backgroundColor": "#fff",
        "navigationStyle": "default",
        "pageOrientation": "portrait",
        "backgroundColorTop": "#fff",
        "backgroundTextStyle": "dark",
        "backgroundColorBottom": "#fff",
        "navigationBarTextStyle": "black",
        "navigationBarTitleText": "大病救助",
        "navigationBarBackgroundColor": "#fff"
      }
    },
    "subpackage1_medicalBigIllHelp2": {
      "reachBottomDistance": 50,
      "extra": {
        "backgroundColor": "#fff",
        "navigationStyle": "default",
        "pageOrientation": "portrait",
        "backgroundColorTop": "#fff",
        "backgroundTextStyle": "dark",
        "backgroundColorBottom": "#fff",
        "navigationBarTextStyle": "black",
        "navigationBarTitleText": "大病救助",
        "navigationBarBackgroundColor": "#fff"
      }
    },
    "subpackage1_medicalBigIllHelpApplicationDetail": {
      "reachBottomDistance": 50,
      "extra": {
        "backgroundColor": "#fff",
        "navigationStyle": "default",
        "pageOrientation": "portrait",
        "backgroundColorTop": "#fff",
        "backgroundTextStyle": "dark",
        "backgroundColorBottom": "#fff",
        "navigationBarTextStyle": "black",
        "navigationBarTitleText": "申请详情",
        "navigationBarBackgroundColor": "#fff"
      }
    },
    "subpackage1_medicalBigIllHelpChoose": {
      "reachBottomDistance": 50,
      "extra": {
        "backgroundColor": "#fff",
        "navigationStyle": "default",
        "pageOrientation": "portrait",
        "backgroundColorTop": "#fff",
        "backgroundTextStyle": "dark",
        "backgroundColorBottom": "#fff",
        "navigationBarTextStyle": "black",
        "navigationBarTitleText": "大病名称",
        "navigationBarBackgroundColor": "#fff"
      }
    },
    "subpackage1_medicalInsuranceAbnormal1": {
      "reachBottomDistance": 50,
      "extra": {
        "backgroundColor": "#fff",
        "navigationStyle": "default",
        "pageOrientation": "portrait",
        "backgroundColorTop": "#fff",
        "backgroundTextStyle": "dark",
        "backgroundColorBottom": "#fff",
        "navigationBarTextStyle": "black",
        "navigationBarTitleText": "异地就医异常未报销救助",
        "navigationBarBackgroundColor": "#fff"
      }
    },
    "subpackage1_medicalInsuranceAbnormal2": {
      "reachBottomDistance": 50,
      "extra": {
        "backgroundColor": "#fff",
        "navigationStyle": "default",
        "pageOrientation": "portrait",
        "backgroundColorTop": "#fff",
        "backgroundTextStyle": "dark",
        "backgroundColorBottom": "#fff",
        "navigationBarTextStyle": "black",
        "navigationBarTitleText": "异地就医异常未报销救助",
        "navigationBarBackgroundColor": "#fff"
      }
    },
    "subpackage1_medicalInsuranceAbnormalApplicationDetail": {
      "reachBottomDistance": 50,
      "extra": {
        "backgroundColor": "#fff",
        "navigationStyle": "default",
        "pageOrientation": "portrait",
        "backgroundColorTop": "#fff",
        "backgroundTextStyle": "dark",
        "backgroundColorBottom": "#fff",
        "navigationBarTextStyle": "black",
        "navigationBarTitleText": "申请详情",
        "navigationBarBackgroundColor": "#fff"
      }
    },
    "subpackage1_medicalInsuranceGuide1": {
      "reachBottomDistance": 50,
      "extra": {
        "backgroundColor": "#fff",
        "navigationStyle": "default",
        "pageOrientation": "portrait",
        "backgroundColorTop": "#fff",
        "backgroundTextStyle": "dark",
        "backgroundColorBottom": "#fff",
        "navigationBarTextStyle": "black",
        "navigationBarTitleText": "医保参保指引",
        "navigationBarBackgroundColor": "#fff"
      }
    },
    "allowanceApplicationDetail": {
      "reachBottomDistance": 50,
      "extra": {
        "navigationBarTitleText": "申请详情",
        "navigationStyle": "default",
        "navigationBarTextStyle": "black",
        "navigationBarBackgroundColor": "#fff",
        "backgroundColor": "#fff",
        "backgroundTextStyle": "dark",
        "backgroundColorTop": "#fff",
        "backgroundColorBottom": "#fff",
        "pageOrientation": "portrait"
      }
    },
    "allowanceStep_1": {
      "reachBottomDistance": 50,
      "extra": {
        "navigationBarTitleText": "低保",
        "navigationStyle": "default",
        "navigationBarTextStyle": "black",
        "navigationBarBackgroundColor": "#fff",
        "backgroundColor": "#fff",
        "backgroundTextStyle": "dark",
        "backgroundColorTop": "#fff",
        "backgroundColorBottom": "#fff",
        "pageOrientation": "portrait"
      }
    },
    "allowanceStep_4": {
      "reachBottomDistance": 50,
      "extra": {
        "navigationBarTitleText": "低保",
        "navigationStyle": "default",
        "navigationBarTextStyle": "black",
        "navigationBarBackgroundColor": "#FFF",
        "backgroundColor": "#fff",
        "backgroundTextStyle": "dark",
        "backgroundColorTop": "#fff",
        "backgroundColorBottom": "#fff",
        "pageOrientation": "portrait"
      }
    },
    "allowanceStep_asset": {
      "reachBottomDistance": 50,
      "extra": {
        "navigationBarTitleText": "低保",
        "navigationStyle": "default",
        "navigationBarTextStyle": "black",
        "navigationBarBackgroundColor": "#FFF",
        "backgroundColor": "#fff",
        "backgroundTextStyle": "dark",
        "backgroundColorTop": "#fff",
        "backgroundColorBottom": "#fff",
        "pageOrientation": "portrait"
      }
    },
    "allowanceStep_income": {
      "reachBottomDistance": 50,
      "extra": {
        "navigationBarTitleText": "低保",
        "navigationStyle": "default",
        "navigationBarTextStyle": "black",
        "navigationBarBackgroundColor": "#FFF",
        "backgroundColor": "#fff",
        "backgroundTextStyle": "dark",
        "backgroundColorTop": "#fff",
        "backgroundColorBottom": "#fff",
        "pageOrientation": "portrait"
      }
    },
    "allowanceStep_RichText": {
      "reachBottomDistance": 50,
      "extra": {
        "navigationBarTitleText": "家庭经济状况核对授权书",
        "navigationStyle": "default",
        "navigationBarTextStyle": "black",
        "navigationBarBackgroundColor": "#FFF",
        "backgroundColor": "#fff",
        "backgroundTextStyle": "dark",
        "backgroundColorTop": "#fff",
        "backgroundColorBottom": "#fff",
        "pageOrientation": "portrait"
      }
    },
    "appealDetail": {
      "reachBottomDistance": 50,
      "extra": {
        "navigationBarTitleText": "申诉详情",
        "navigationStyle": "default",
        "navigationBarTextStyle": "black",
        "navigationBarBackgroundColor": "#fff",
        "backgroundColor": "#fff",
        "backgroundTextStyle": "dark",
        "backgroundColorTop": "#fff",
        "backgroundColorBottom": "#fff",
        "pageOrientation": "portrait"
      }
    },
    "applicationNotice": {
      "reachBottomDistance": 50,
      "extra": {
        "navigationBarTitleText": "申请须知",
        "navigationStyle": "default",
        "navigationBarTextStyle": "black",
        "navigationBarBackgroundColor": "#FFF",
        "backgroundColor": "#fff",
        "backgroundTextStyle": "dark",
        "backgroundColorTop": "#fff",
        "backgroundColorBottom": "#fff",
        "pageOrientation": "portrait"
      }
    },
    "appLogin": {
      "reachBottomDistance": 50,
      "extra": {
        "navigationBarTitleText": "app登录",
        "navigationStyle": "custom",
        "navigationBarTextStyle": "white",
        "navigationBarBackgroundColor": "#fff",
        "backgroundColor": "#fff",
        "backgroundTextStyle": "dark",
        "backgroundColorTop": "#fff",
        "backgroundColorBottom": "#fff",
        "pageOrientation": "portrait"
      }
    },
    "complain": {
      "reachBottomDistance": 50,
      "extra": {
        "navigationBarTitleText": "在线投诉",
        "navigationStyle": "default",
        "navigationBarTextStyle": "black",
        "navigationBarBackgroundColor": "#fff",
        "backgroundColor": "#fff",
        "backgroundTextStyle": "dark",
        "backgroundColorTop": "#fff",
        "backgroundColorBottom": "#fff",
        "pageOrientation": "portrait"
      }
    },
    "complaintDetail": {
      "reachBottomDistance": 50,
      "extra": {
        "navigationBarTitleText": "投诉详情",
        "navigationStyle": "default",
        "navigationBarTextStyle": "black",
        "navigationBarBackgroundColor": "#fff",
        "backgroundColor": "#fff",
        "backgroundTextStyle": "dark",
        "backgroundColorTop": "#fff",
        "backgroundColorBottom": "#fff",
        "pageOrientation": "portrait"
      }
    },
    "dangerousHouseReform1": {
      "reachBottomDistance": 50,
      "extra": {
        "navigationBarTitleText": "农村危房改造",
        "navigationStyle": "default",
        "navigationBarTextStyle": "black",
        "navigationBarBackgroundColor": "#fff",
        "backgroundColor": "#fff",
        "backgroundTextStyle": "dark",
        "backgroundColorTop": "#fff",
        "backgroundColorBottom": "#fff",
        "pageOrientation": "portrait"
      }
    },
    "dangerousHouseReform2": {
      "reachBottomDistance": 50,
      "extra": {
        "navigationBarTitleText": "农村危房改造",
        "navigationStyle": "default",
        "navigationBarTextStyle": "black",
        "navigationBarBackgroundColor": "#fff",
        "backgroundColor": "#fff",
        "backgroundTextStyle": "dark",
        "backgroundColorTop": "#fff",
        "backgroundColorBottom": "#fff",
        "pageOrientation": "portrait"
      }
    },
    "dangerousHouseReformApplicationDetail": {
      "reachBottomDistance": 50,
      "extra": {
        "navigationBarTitleText": "申请详情",
        "navigationStyle": "default",
        "navigationBarTextStyle": "black",
        "navigationBarBackgroundColor": "#fff",
        "backgroundColor": "#fff",
        "backgroundTextStyle": "dark",
        "backgroundColorTop": "#fff",
        "backgroundColorBottom": "#fff",
        "pageOrientation": "portrait"
      }
    },
    "dangerousHouseReformNodeDetail": {
      "reachBottomDistance": 50,
      "extra": {
        "navigationBarTitleText": "鉴定详情",
        "navigationStyle": "default",
        "navigationBarTextStyle": "black",
        "navigationBarBackgroundColor": "#fff",
        "backgroundColor": "#fff",
        "backgroundTextStyle": "dark",
        "backgroundColorTop": "#fff",
        "backgroundColorBottom": "#fff",
        "pageOrientation": "portrait"
      }
    },
    "especiallyPoor_1": {
      "reachBottomDistance": 50,
      "extra": {
        "navigationBarTitleText": "特困供养",
        "navigationStyle": "default",
        "navigationBarTextStyle": "black",
        "navigationBarBackgroundColor": "#fff",
        "backgroundColor": "#fff",
        "backgroundTextStyle": "dark",
        "backgroundColorTop": "#fff",
        "backgroundColorBottom": "#fff",
        "pageOrientation": "portrait"
      }
    },
    "especiallyPoor_2": {
      "reachBottomDistance": 50,
      "extra": {
        "navigationBarTitleText": "特困供养",
        "navigationStyle": "default",
        "navigationBarTextStyle": "black",
        "navigationBarBackgroundColor": "#FFF",
        "backgroundColor": "#fff",
        "backgroundTextStyle": "dark",
        "backgroundColorTop": "#fff",
        "backgroundColorBottom": "#fff",
        "pageOrientation": "portrait"
      }
    },
    "especiallyPoor_3": {
      "reachBottomDistance": 50,
      "extra": {
        "navigationBarTitleText": "特困供养",
        "navigationStyle": "default",
        "navigationBarTextStyle": "black",
        "navigationBarBackgroundColor": "#FFF",
        "backgroundColor": "#fff",
        "backgroundTextStyle": "dark",
        "backgroundColorTop": "#fff",
        "backgroundColorBottom": "#fff",
        "pageOrientation": "portrait"
      }
    },
    "especiallyPoorDetail": {
      "reachBottomDistance": 50,
      "extra": {
        "navigationBarTitleText": "申请详情",
        "navigationStyle": "default",
        "navigationBarTextStyle": "black",
        "navigationBarBackgroundColor": "#fff",
        "backgroundColor": "#fff",
        "backgroundTextStyle": "dark",
        "backgroundColorTop": "#fff",
        "backgroundColorBottom": "#fff",
        "pageOrientation": "portrait"
      }
    },
    "findJob_1": {
      "reachBottomDistance": 50,
      "extra": {
        "navigationBarTitleText": "找工作",
        "navigationStyle": "default",
        "navigationBarTextStyle": "black",
        "navigationBarBackgroundColor": "#fff",
        "backgroundColor": "#fff",
        "backgroundTextStyle": "dark",
        "backgroundColorTop": "#fff",
        "backgroundColorBottom": "#fff",
        "pageOrientation": "portrait"
      }
    },
    "findJob_2": {
      "reachBottomDistance": 50,
      "extra": {
        "navigationBarTitleText": "找工作",
        "navigationStyle": "default",
        "navigationBarTextStyle": "black",
        "navigationBarBackgroundColor": "#fff",
        "backgroundColor": "#fff",
        "backgroundTextStyle": "dark",
        "backgroundColorTop": "#fff",
        "backgroundColorBottom": "#fff",
        "pageOrientation": "portrait"
      }
    },
    "findJob_3": {
      "reachBottomDistance": 50,
      "extra": {
        "navigationBarTitleText": "找工作",
        "navigationStyle": "default",
        "navigationBarTextStyle": "black",
        "navigationBarBackgroundColor": "#fff",
        "backgroundColor": "#fff",
        "backgroundTextStyle": "dark",
        "backgroundColorTop": "#fff",
        "backgroundColorBottom": "#fff",
        "pageOrientation": "portrait"
      }
    },
    "findJob_detail": {
      "reachBottomDistance": 50,
      "extra": {
        "navigationBarTitleText": "申请详情",
        "navigationStyle": "default",
        "navigationBarTextStyle": "black",
        "navigationBarBackgroundColor": "#fff",
        "backgroundColor": "#fff",
        "backgroundTextStyle": "dark",
        "backgroundColorTop": "#fff",
        "backgroundColorBottom": "#fff",
        "pageOrientation": "portrait"
      }
    },
    "findJob_position_detail": {
      "reachBottomDistance": 50,
      "extra": {
        "navigationBarTitleText": "岗位详情",
        "navigationStyle": "default",
        "navigationBarTextStyle": "black",
        "navigationBarBackgroundColor": "#fff",
        "backgroundColor": "#fff",
        "backgroundTextStyle": "dark",
        "backgroundColorTop": "#fff",
        "backgroundColorBottom": "#fff",
        "pageOrientation": "portrait"
      }
    },
    "findJob_workList": {
      "reachBottomDistance": 50,
      "extra": {
        "navigationBarTitleText": "工作岗位",
        "navigationStyle": "default",
        "navigationBarTextStyle": "black",
        "navigationBarBackgroundColor": "#fff",
        "backgroundColor": "#fff",
        "backgroundTextStyle": "dark",
        "backgroundColorTop": "#fff",
        "backgroundColorBottom": "#fff",
        "pageOrientation": "portrait"
      }
    },
    "findJob_workType": {
      "reachBottomDistance": 50,
      "extra": {
        "navigationBarTitleText": "期望从事行业",
        "navigationStyle": "default",
        "navigationBarTextStyle": "black",
        "navigationBarBackgroundColor": "#fff",
        "backgroundColor": "#fff",
        "backgroundTextStyle": "dark",
        "backgroundColorTop": "#fff",
        "backgroundColorBottom": "#fff",
        "pageOrientation": "portrait"
      }
    },
    "homepage": {
      "reachBottomDistance": 50,
      "extra": {
        "navigationBarTitleText": "政府救助平台",
        "navigationStyle": "custom",
        "navigationBarTextStyle": "black",
        "navigationBarBackgroundColor": "#fff",
        "backgroundColor": "#fff",
        "backgroundTextStyle": "dark",
        "backgroundColorTop": "#fff",
        "backgroundColorBottom": "#fff",
        "pageOrientation": "portrait"
      }
    },
    "medical_search": {
      "reachBottomDistance": 50,
      "extra": {
        "navigationBarTitleText": "医疗机构查询",
        "navigationStyle": "default",
        "navigationBarTextStyle": "black",
        "navigationBarBackgroundColor": "#fff",
        "backgroundColor": "#fff",
        "backgroundTextStyle": "dark",
        "backgroundColorTop": "#fff",
        "backgroundColorBottom": "#fff",
        "pageOrientation": "portrait"
      }
    },
    "medical_select_city": {
      "reachBottomDistance": 50,
      "extra": {
        "navigationBarTitleText": "选择区划",
        "navigationStyle": "default",
        "navigationBarTextStyle": "black",
        "navigationBarBackgroundColor": "#fff",
        "backgroundColor": "#fff",
        "backgroundTextStyle": "dark",
        "backgroundColorTop": "#fff",
        "backgroundColorBottom": "#fff",
        "pageOrientation": "portrait"
      }
    },
    "medical_select_county": {
      "reachBottomDistance": 50,
      "extra": {
        "navigationBarTitleText": "选择区划",
        "navigationStyle": "default",
        "navigationBarTextStyle": "black",
        "navigationBarBackgroundColor": "#fff",
        "backgroundColor": "#fff",
        "backgroundTextStyle": "dark",
        "backgroundColorTop": "#fff",
        "backgroundColorBottom": "#fff",
        "pageOrientation": "portrait"
      }
    },
    "medicalTreatment_detail": {
      "reachBottomDistance": 50,
      "extra": {
        "navigationBarTitleText": "医疗机构详情",
        "navigationStyle": "custom",
        "navigationBarTextStyle": "white",
        "navigationBarBackgroundColor": "#FF9838",
        "backgroundColor": "#fff",
        "backgroundTextStyle": "dark",
        "backgroundColorTop": "#fff",
        "backgroundColorBottom": "#fff",
        "pageOrientation": "portrait"
      }
    },
    "medicalTreatment_list": {
      "reachBottomDistance": 50,
      "extra": {
        "navigationBarTitleText": "医疗机构查询",
        "navigationStyle": "default",
        "navigationBarTextStyle": "black",
        "navigationBarBackgroundColor": "#fff",
        "backgroundColor": "#fff",
        "backgroundTextStyle": "dark",
        "backgroundColorTop": "#fff",
        "backgroundColorBottom": "#fff",
        "pageOrientation": "portrait"
      }
    },
    "mine": {
      "reachBottomDistance": 50,
      "extra": {
        "navigationBarTitleText": "我的",
        "navigationStyle": "default",
        "navigationBarTextStyle": "black",
        "navigationBarBackgroundColor": "#fff",
        "backgroundColor": "#fff",
        "backgroundTextStyle": "dark",
        "backgroundColorTop": "#fff",
        "backgroundColorBottom": "#fff",
        "pageOrientation": "portrait"
      }
    },
    "myApplicationProgress": {
      "reachBottomDistance": 50,
      "extra": {
        "navigationBarTitleText": "申请进度",
        "navigationStyle": "default",
        "navigationBarTextStyle": "black",
        "navigationBarBackgroundColor": "#fff",
        "backgroundColor": "#fff",
        "backgroundTextStyle": "dark",
        "backgroundColorTop": "#fff",
        "backgroundColorBottom": "#fff",
        "pageOrientation": "portrait"
      }
    },
    "myApplicationTab_1": {
      "reachBottomDistance": 50,
      "extra": {
        "navigationBarTitleText": "我的申请",
        "navigationStyle": "default",
        "navigationBarTextStyle": "black",
        "navigationBarBackgroundColor": "#fff",
        "backgroundColor": "#fff",
        "backgroundTextStyle": "dark",
        "backgroundColorTop": "#fff",
        "backgroundColorBottom": "#fff",
        "pageOrientation": "portrait"
      }
    },
    "myComplaint": {
      "reachBottomDistance": 50,
      "extra": {
        "navigationBarTitleText": "我的投诉",
        "navigationStyle": "default",
        "navigationBarTextStyle": "black",
        "navigationBarBackgroundColor": "#fff",
        "backgroundColor": "#fff",
        "backgroundTextStyle": "dark",
        "backgroundColorTop": "#fff",
        "backgroundColorBottom": "#fff",
        "pageOrientation": "portrait"
      }
    },
    "personal_info": {
      "reachBottomDistance": 50,
      "extra": {
        "navigationBarTitleText": "个人信息",
        "navigationStyle": "default",
        "navigationBarTextStyle": "black",
        "navigationBarBackgroundColor": "#fff",
        "backgroundColor": "#fff",
        "backgroundTextStyle": "dark",
        "backgroundColorTop": "#fff",
        "backgroundColorBottom": "#fff",
        "pageOrientation": "portrait"
      }
    },
    "publicity": {
      "reachBottomDistance": 50,
      "extra": {
        "navigationBarTitleText": "公示 投诉",
        "navigationStyle": "default",
        "navigationBarTextStyle": "white",
        "navigationBarBackgroundColor": "#ff9838",
        "backgroundColor": "#fff",
        "backgroundTextStyle": "dark",
        "backgroundColorTop": "#fff",
        "backgroundColorBottom": "#fff",
        "pageOrientation": "portrait"
      }
    },
    "publicityDetail": {
      "reachBottomDistance": 50,
      "extra": {
        "navigationBarTitleText": "公示详情",
        "navigationStyle": "default",
        "navigationBarTextStyle": "black",
        "navigationBarBackgroundColor": "#fff",
        "backgroundColor": "#fff",
        "backgroundTextStyle": "dark",
        "backgroundColorTop": "#fff",
        "backgroundColorBottom": "#fff",
        "pageOrientation": "portrait"
      }
    },
    "remoteSignature": {
      "reachBottomDistance": 50,
      "extra": {
        "navigationBarTitleText": "签名授权",
        "navigationStyle": "default",
        "navigationBarTextStyle": "black",
        "navigationBarBackgroundColor": "#fff",
        "backgroundColor": "#fff",
        "backgroundTextStyle": "dark",
        "backgroundColorTop": "#fff",
        "backgroundColorBottom": "#fff",
        "pageOrientation": "portrait"
      }
    },
    "remoteSignatureNotice": {
      "reachBottomDistance": 50,
      "extra": {
        "navigationBarTitleText": "家庭经济状况核对授权书",
        "navigationStyle": "default",
        "navigationBarTextStyle": "black",
        "navigationBarBackgroundColor": "#fff",
        "backgroundColor": "#fff",
        "backgroundTextStyle": "dark",
        "backgroundColorTop": "#fff",
        "backgroundColorBottom": "#fff",
        "pageOrientation": "portrait"
      }
    },
    "submitAppeal": {
      "reachBottomDistance": 50,
      "extra": {
        "navigationBarTitleText": "发起申诉",
        "navigationStyle": "default",
        "navigationBarTextStyle": "black",
        "navigationBarBackgroundColor": "#fff",
        "backgroundColor": "#fff",
        "backgroundTextStyle": "dark",
        "backgroundColorTop": "#fff",
        "backgroundColorBottom": "#fff",
        "pageOrientation": "portrait"
      }
    },
    "submitFail": {
      "reachBottomDistance": 50,
      "extra": {
        "navigationBarTitleText": "提交结果",
        "navigationStyle": "default",
        "navigationBarTextStyle": "black",
        "navigationBarBackgroundColor": "#fff",
        "backgroundColor": "#fff",
        "backgroundTextStyle": "dark",
        "backgroundColorTop": "#fff",
        "backgroundColorBottom": "#fff",
        "pageOrientation": "portrait"
      }
    },
    "submitSuccess": {
      "reachBottomDistance": 50,
      "extra": {
        "navigationBarTitleText": "提交结果",
        "navigationStyle": "default",
        "navigationBarTextStyle": "black",
        "navigationBarBackgroundColor": "#fff",
        "backgroundColor": "#fff",
        "backgroundTextStyle": "dark",
        "backgroundColorTop": "#fff",
        "backgroundColorBottom": "#fff",
        "pageOrientation": "portrait"
      }
    },
    "temporaryRelief_1": {
      "reachBottomDistance": 50,
      "extra": {
        "navigationBarTitleText": "临时救助",
        "navigationStyle": "default",
        "navigationBarTextStyle": "black",
        "navigationBarBackgroundColor": "#fff",
        "backgroundColor": "#fff",
        "backgroundTextStyle": "dark",
        "backgroundColorTop": "#fff",
        "backgroundColorBottom": "#fff",
        "pageOrientation": "portrait"
      }
    },
    "temporaryRelief_2": {
      "reachBottomDistance": 50,
      "extra": {
        "navigationBarTitleText": "临时救助",
        "navigationStyle": "default",
        "navigationBarTextStyle": "black",
        "navigationBarBackgroundColor": "#fff",
        "backgroundColor": "#fff",
        "backgroundTextStyle": "dark",
        "backgroundColorTop": "#fff",
        "backgroundColorBottom": "#fff",
        "pageOrientation": "portrait"
      }
    },
    "temporaryRelief_3": {
      "reachBottomDistance": 50,
      "extra": {
        "navigationBarTitleText": "临时救助",
        "navigationStyle": "default",
        "navigationBarTextStyle": "black",
        "navigationBarBackgroundColor": "#fff",
        "backgroundColor": "#fff",
        "backgroundTextStyle": "dark",
        "backgroundColorTop": "#fff",
        "backgroundColorBottom": "#fff",
        "pageOrientation": "portrait"
      }
    },
    "temporaryRelief_4": {
      "reachBottomDistance": 50,
      "extra": {
        "navigationBarTitleText": "临时救助",
        "navigationStyle": "default",
        "navigationBarTextStyle": "black",
        "navigationBarBackgroundColor": "#FFF",
        "backgroundColor": "#fff",
        "backgroundTextStyle": "dark",
        "backgroundColorTop": "#fff",
        "backgroundColorBottom": "#fff",
        "pageOrientation": "portrait"
      }
    },
    "temporaryReliefDetail": {
      "reachBottomDistance": 50,
      "extra": {
        "navigationBarTitleText": "申请详情",
        "navigationStyle": "default",
        "navigationBarTextStyle": "black",
        "navigationBarBackgroundColor": "#fff",
        "backgroundColor": "#fff",
        "backgroundTextStyle": "dark",
        "backgroundColorTop": "#fff",
        "backgroundColorBottom": "#fff",
        "pageOrientation": "portrait"
      }
    },
    "waterSafeQuestionApplicationDetail": {
      "reachBottomDistance": 50,
      "extra": {
        "navigationBarTitleText": "申请详情",
        "navigationStyle": "default",
        "navigationBarTextStyle": "black",
        "navigationBarBackgroundColor": "#fff",
        "backgroundColor": "#fff",
        "backgroundTextStyle": "dark",
        "backgroundColorTop": "#fff",
        "backgroundColorBottom": "#fff",
        "pageOrientation": "portrait"
      }
    },
    "waterSafeQuestionDetailQuestion1": {
      "reachBottomDistance": 50,
      "extra": {
        "navigationBarTitleText": "农村饮水安全",
        "navigationStyle": "default",
        "navigationBarTextStyle": "black",
        "navigationBarBackgroundColor": "#fff",
        "backgroundColor": "#fff",
        "backgroundTextStyle": "dark",
        "backgroundColorTop": "#fff",
        "backgroundColorBottom": "#fff",
        "pageOrientation": "portrait"
      }
    },
    "waterSafeQuestionDetailQuestion2": {
      "reachBottomDistance": 50,
      "extra": {
        "navigationBarTitleText": "农村饮水安全",
        "navigationStyle": "default",
        "navigationBarTextStyle": "black",
        "navigationBarBackgroundColor": "#fff",
        "backgroundColor": "#fff",
        "backgroundTextStyle": "dark",
        "backgroundColorTop": "#fff",
        "backgroundColorBottom": "#fff",
        "pageOrientation": "portrait"
      }
    },
    "webview": {
      "reachBottomDistance": 50,
      "extra": {
        "navigationBarTitleText": "webview",
        "navigationStyle": "default",
        "navigationBarTextStyle": "black",
        "navigationBarBackgroundColor": "#FFF",
        "backgroundColor": "#fff",
        "backgroundTextStyle": "dark",
        "backgroundColorTop": "#fff",
        "backgroundColorBottom": "#fff",
        "pageOrientation": "portrait"
      }
    }
  },
  "appExtraConfig": {},
  "__homePath__": "homepage"
}